Feature,LDA_Coefficient,Absolute_Coefficient
word_freq_zipf,-4.593226048512535,4.593226048512535
uni_and_bi_grams_repetitions,2.7469726207361393,2.7469726207361393
token_type_ratio,1.8875925030865048,1.8875925030865048
word_freq_subtl,1.1208186345308708,1.1208186345308708
brunet_index,-1.0640207125966668,1.0640207125966668
noun_token_ratio,-1.0318344335502418,1.0318344335502418
adposition_frequency,-0.9868389768573143,0.9868389768573143
word_used_once_or_twice_frequency,-0.8621094114098041,0.8621094114098041
hapax_legomena_ratio,0.07298594332356717,0.07298594332356717
