Feature,LDA_Coefficient,Absolute_Coefficient
word_freq_zipf,-2.8723605725605035,2.8723605725605035
word_used_once_or_twice_frequency,-2.8642490523088897,2.8642490523088897
token_type_ratio,2.4720587062301504,2.4720587062301504
word_freq_subtl,1.7804100232902937,1.7804100232902937
adposition_frequency,-1.3057003998620207,1.3057003998620207
hapax_legomena_ratio,1.073461910312421,1.073461910312421
noun_token_ratio,-1.0003271358949963,1.0003271358949963
uni_and_bi_grams_repetitions,0.9603452036714273,0.9603452036714273
brunet_index,0.29352534508347006,0.29352534508347006
