Feature,LDA_Coefficient,Absolute_Coefficient
token_type_ratio,7.233676617588787,7.233676617588787
brunet_index,4.17290261763163,4.17290261763163
word_freq_zipf,-3.323976806031973,3.323976806031973
noun_token_ratio,-1.9505444777487435,1.9505444777487435
hapax_legomena_ratio,-1.7695439809157205,1.7695439809157205
adposition_frequency,-1.3402676304489487,1.3402676304489487
word_freq_subtl,0.6578461724381642,0.6578461724381642
word_used_once_or_twice_frequency,-0.616796937141473,0.616796937141473
uni_and_bi_grams_repetitions,-0.010664639172808741,0.010664639172808741
